servers,clients,messages,mean,median,min,max,std
2,10,1,0.005702947368421052,0.005396,0.004534,0.007175,0.0006925898636987448
2,10,10,0.005461210526315789,0.005313,0.003945,0.007785,0.0010142021811884875
2,20,1,0.00967737837837838,0.008306,0.004322,0.026587,0.004901454071958598
2,20,10,0.008512794871794871,0.007384,0.004343,0.019996,0.004307622840472745
4,10,1,0.0065403684210526315,0.005682,0.004116,0.020824,0.003641038957503542
4,10,10,0.005731578947368421,0.005441,0.00428,0.013112,0.0018998930179176313
4,20,1,0.010657794871794872,0.008378,0.004071,0.037532,0.007267098603618217
4,20,10,0.008111394736842104,0.0068655,0.003761,0.019635,0.003930812752348502
