servers,clients,messages,0
2,10,1,1461538461.5384614
2,10,10,1461538461.5384614
2,20,1,2642857142.857143
2,20,10,2600000000.0
4,10,1,1461538461.5384614
4,10,10,1461538461.5384614
4,20,1,2294117647.0588236
4,20,10,2235294117.647059
