servers,clients,messages,mean,median,min,max,std
2,10,1,0.004475000000000001,0.004582,0.003569,0.005184,0.00037906654861100873
