servers,clients,messages,0
2,10,1,2307692307.6923075
2,10,10,2307692307.6923075
2,20,1,4142857142.857143
2,20,10,4538461538.461538
4,10,1,2230769230.769231
4,10,10,2307692307.6923075
4,20,1,3111111111.111111
4,20,10,3411764705.882353
